loan_id,gender_male,married_yes,dependents_1.0,dependents_2.0,dependents_3.0,self_employed_yes,credit_history_1.0,loan_amount,loan_amount_term,applicant_income,coapplicant_income,loan_status,total_income,EMI,balance_income
LP001002,1,0,0,0,0,0,1,128000000.0,360,5849,0.0,1,5849.0,355.6,5493.4
LP001003,1,1,1,0,0,0,1,128000000.0,360,4583,1508.0,0,6091.0,355.6,5735.4
LP001005,1,1,0,0,0,1,1,66000000.0,360,3000,0.0,1,3000.0,183.3,2816.7
LP001006,1,1,0,0,0,0,1,120000000.0,360,2583,2358.0,1,4941.0,333.3,4607.7
LP001008,1,0,0,0,0,0,1,141000000.0,360,6000,0.0,1,6000.0,391.7,5608.3
LP001011,1,1,0,1,0,1,1,267000000.0,360,5417,4196.0,1,9613.0,741.7,8871.3
LP001013,1,1,0,0,0,0,1,95000000.0,360,2333,1516.0,1,3849.0,263.9,3585.1
LP001014,1,1,0,0,1,0,0,158000000.0,360,3036,2504.0,0,5540.0,438.9,5101.1
LP001018,1,1,0,1,0,0,1,168000000.0,360,4006,1526.0,1,5532.0,466.7,5065.3
LP001020,1,1,1,0,0,0,1,349000000.0,360,12841,10968.0,0,23809.0,969.4,22839.6
LP001024,1,1,0,1,0,0,1,70000000.0,360,3200,700.0,1,3900.0,194.4,3705.6
LP001027,1,1,0,1,0,0,1,109000000.0,360,2500,1840.0,1,4340.0,302.8,4037.2
LP001028,1,1,0,1,0,0,1,200000000.0,360,3073,8106.0,1,11179.0,555.6,10623.4
LP001029,1,0,0,0,0,0,1,114000000.0,360,1853,2840.0,0,4693.0,316.7,4376.3
LP001030,1,1,0,1,0,0,1,17000000.0,120,1299,1086.0,1,2385.0,141.7,2243.3
LP001032,1,0,0,0,0,0,1,125000000.0,360,4950,0.0,1,4950.0,347.2,4602.8
LP001034,1,0,1,0,0,0,1,100000000.0,240,3596,0.0,1,3596.0,416.7,3179.3
LP001036,0,0,0,0,0,0,0,76000000.0,360,3510,0.0,0,3510.0,211.1,3298.9
LP001038,1,1,0,0,0,0,1,133000000.0,360,4887,0.0,0,4887.0,369.4,4517.6
LP001041,1,1,0,0,0,0,1,115000000.0,360,2600,3500.0,1,6100.0,319.4,5780.6
LP001043,1,1,0,0,0,0,0,104000000.0,360,7660,0.0,0,7660.0,288.9,7371.1
LP001046,1,1,1,0,0,0,1,315000000.0,360,5955,5625.0,1,11580.0,875.0,10705.0
LP001047,1,1,0,0,0,0,0,116000000.0,360,2600,1911.0,0,4511.0,322.2,4188.8
LP001050,1,1,0,1,0,0,0,112000000.0,360,3365,1917.0,0,5282.0,311.1,4970.9
LP001052,1,1,1,0,0,0,1,151000000.0,360,3717,2925.0,0,6642.0,419.4,6222.6
LP001066,1,1,0,0,0,1,1,191000000.0,360,9560,0.0,1,9560.0,530.6,9029.4
LP001068,1,1,0,0,0,0,1,122000000.0,360,2799,2253.0,1,5052.0,338.9,4713.1
LP001073,1,1,0,1,0,0,1,110000000.0,360,4226,1040.0,1,5266.0,305.6,4960.4
LP001086,1,0,0,0,0,0,1,35000000.0,360,1442,0.0,0,1442.0,97.2,1344.8
LP001087,0,0,0,1,0,0,1,120000000.0,360,3750,2083.0,1,5833.0,333.3,5499.7
LP001091,1,1,1,0,0,0,1,201000000.0,360,4166,3369.0,0,7535.0,558.3,6976.7
LP001095,1,0,0,0,0,0,1,74000000.0,360,3167,0.0,0,3167.0,205.6,2961.4
LP001097,1,0,1,0,0,1,1,106000000.0,360,4692,0.0,0,4692.0,294.4,4397.6
LP001098,1,1,0,0,0,0,1,114000000.0,360,3500,1667.0,1,5167.0,316.7,4850.3
LP001100,1,0,0,0,1,0,1,320000000.0,360,12500,3000.0,0,15500.0,888.9,14611.1
LP001106,1,1,0,0,0,0,1,128000000.0,360,2275,2067.0,1,4342.0,355.6,3986.4
LP001109,1,1,0,0,0,0,0,100000000.0,360,1828,1330.0,0,3158.0,277.8,2880.2
LP001112,0,1,0,0,0,0,1,144000000.0,360,3667,1459.0,1,5126.0,400.0,4726.0
LP001114,1,0,0,0,0,0,1,184000000.0,360,4166,7210.0,1,11376.0,511.1,10864.9
LP001116,1,0,0,0,0,0,1,110000000.0,360,3748,1668.0,1,5416.0,305.6,5110.4
LP001119,1,0,0,0,0,0,1,80000000.0,360,3600,0.0,0,3600.0,222.2,3377.8
LP001120,1,0,0,0,0,0,1,47000000.0,360,1800,1213.0,1,3013.0,130.6,2882.4
LP001123,1,1,0,0,0,0,1,75000000.0,360,2400,0.0,1,2400.0,208.3,2191.7
LP001131,1,1,0,0,0,0,1,134000000.0,360,3941,2336.0,1,6277.0,372.2,5904.8
LP001136,1,1,0,0,0,1,1,96000000.0,360,4695,0.0,1,4695.0,266.7,4428.3
LP001137,0,0,0,0,0,0,1,88000000.0,360,3410,0.0,1,3410.0,244.4,3165.6
LP001138,1,1,1,0,0,0,1,44000000.0,360,5649,0.0,1,5649.0,122.2,5526.8
LP001144,1,1,0,0,0,0,1,144000000.0,360,5821,0.0,1,5821.0,400.0,5421.0
LP001146,0,1,0,0,0,0,0,120000000.0,360,2645,3440.0,0,6085.0,333.3,5751.7
LP001151,0,0,0,0,0,0,1,144000000.0,360,4000,2275.0,1,6275.0,400.0,5875.0
LP001155,0,1,0,0,0,0,1,100000000.0,360,1928,1644.0,1,3572.0,277.8,3294.2
LP001157,0,0,0,0,0,0,1,120000000.0,360,3086,0.0,1,3086.0,333.3,2752.7
LP001164,0,0,0,0,0,0,1,112000000.0,360,4230,0.0,0,4230.0,311.1,3918.9
LP001179,1,1,0,1,0,0,1,134000000.0,360,4616,0.0,0,4616.0,372.2,4243.8
LP001186,0,1,1,0,0,1,0,286000000.0,360,11500,0.0,0,11500.0,794.4,10705.6
LP001194,1,1,0,1,0,0,1,97000000.0,360,2708,1167.0,1,3875.0,269.4,3605.6
LP001195,1,1,0,0,0,0,1,96000000.0,360,2132,1591.0,1,3723.0,266.7,3456.3
LP001197,1,1,0,0,0,0,1,135000000.0,360,3366,2200.0,0,5566.0,375.0,5191.0
LP001198,1,1,1,0,0,0,1,180000000.0,360,8080,2250.0,1,10330.0,500.0,9830.0
LP001199,1,1,0,1,0,0,1,144000000.0,360,3357,2859.0,1,6216.0,400.0,5816.0
LP001205,1,1,0,0,0,0,1,120000000.0,360,2500,3796.0,1,6296.0,333.3,5962.7
LP001206,1,1,0,0,1,0,1,99000000.0,360,3029,0.0,1,3029.0,275.0,2754.0
LP001207,1,1,0,0,0,1,0,165000000.0,180,2609,3449.0,0,6058.0,916.7,5141.3
LP001213,1,1,1,0,0,0,0,128000000.0,360,4945,0.0,0,4945.0,355.6,4589.4
LP001222,0,0,0,0,0,0,0,116000000.0,360,4166,0.0,0,4166.0,322.2,3843.8
LP001225,1,1,0,0,0,0,1,258000000.0,360,5726,4595.0,0,10321.0,716.7,9604.3
LP001228,1,0,0,0,0,0,0,126000000.0,180,3200,2254.0,0,5454.0,700.0,4754.0
LP001233,1,1,1,0,0,0,1,312000000.0,360,10750,0.0,1,10750.0,866.7,9883.3
LP001238,1,1,0,0,1,1,1,125000000.0,60,7100,0.0,1,7100.0,2083.3,5016.7
LP001241,0,0,0,0,0,0,0,136000000.0,360,4300,0.0,0,4300.0,377.8,3922.2
LP001243,1,1,0,0,0,0,1,172000000.0,360,3208,3066.0,1,6274.0,477.8,5796.2
LP001245,1,1,0,1,0,1,1,97000000.0,360,1875,1875.0,1,3750.0,269.4,3480.6
LP001248,1,0,0,0,0,0,1,81000000.0,300,3500,0.0,1,3500.0,270.0,3230.0
LP001250,1,1,0,0,1,0,0,95000000.0,360,4755,0.0,0,4755.0,263.9,4491.1
LP001253,1,1,0,0,1,1,1,187000000.0,360,5266,1774.0,1,7040.0,519.4,6520.6
LP001255,1,0,0,0,0,0,1,113000000.0,480,3750,0.0,0,3750.0,235.4,3514.6
LP001256,1,0,0,0,0,0,1,176000000.0,360,3750,4750.0,0,8500.0,488.9,8011.1
LP001259,1,1,1,0,0,1,1,110000000.0,360,1000,3022.0,0,4022.0,305.6,3716.4
LP001263,1,1,0,0,1,0,0,180000000.0,300,3167,4000.0,0,7167.0,600.0,6567.0
LP001264,1,1,0,0,1,1,1,130000000.0,360,3333,2166.0,1,5499.0,361.1,5137.9
LP001265,0,0,0,0,0,0,1,111000000.0,360,3846,0.0,1,3846.0,308.3,3537.7
LP001266,1,1,1,0,0,1,1,128000000.0,360,2395,0.0,1,2395.0,355.6,2039.4
LP001267,0,1,0,1,0,0,1,167000000.0,360,1378,1881.0,0,3259.0,463.9,2795.1
LP001273,1,1,0,0,0,0,1,265000000.0,360,6000,2250.0,0,8250.0,736.1,7513.9
LP001275,1,1,1,0,0,0,1,50000000.0,240,3988,0.0,1,3988.0,208.3,3779.7
LP001279,1,0,0,0,0,0,1,136000000.0,360,2366,2531.0,1,4897.0,377.8,4519.2
LP001280,1,1,0,1,0,0,1,99000000.0,360,3333,2000.0,1,5333.0,275.0,5058.0
LP001282,1,1,0,0,0,0,1,104000000.0,360,2500,2118.0,1,4618.0,288.9,4329.1
LP001289,1,0,0,0,0,0,1,210000000.0,360,8566,0.0,1,8566.0,583.3,7982.7
LP001310,1,1,0,0,0,0,1,175000000.0,360,5695,4167.0,1,9862.0,486.1,9375.9
LP001316,1,1,0,0,0,0,1,131000000.0,360,2958,2900.0,1,5858.0,363.9,5494.1
LP001318,1,1,0,1,0,0,1,188000000.0,180,6250,5654.0,1,11904.0,1044.4,10859.6
LP001319,1,1,0,1,0,0,1,81000000.0,360,3273,1820.0,1,5093.0,225.0,4868.0
LP001322,1,0,0,0,0,0,1,122000000.0,360,4133,0.0,1,4133.0,338.9,3794.1
LP001325,1,0,0,0,0,0,1,25000000.0,120,3620,0.0,1,3620.0,208.3,3411.7
LP001326,1,0,0,0,0,0,1,128000000.0,360,6782,0.0,0,6782.0,355.6,6426.4
LP001327,0,1,0,0,0,0,1,137000000.0,360,2484,2302.0,1,4786.0,380.6,4405.4
LP001333,1,1,0,0,0,0,1,50000000.0,360,1977,997.0,1,2974.0,138.9,2835.1
LP001334,1,1,0,0,0,0,1,115000000.0,180,4188,0.0,1,4188.0,638.9,3549.1
LP001343,1,1,0,0,0,0,1,131000000.0,360,1759,3541.0,1,5300.0,363.9,4936.1
LP001345,1,1,0,1,0,0,1,133000000.0,180,4288,3263.0,1,7551.0,738.9,6812.1
LP001349,1,0,0,0,0,0,1,151000000.0,360,4843,3806.0,1,8649.0,419.4,8229.6
LP001350,1,1,0,0,0,0,1,128000000.0,360,13650,0.0,1,13650.0,355.6,13294.4
LP001356,1,1,0,0,0,0,1,128000000.0,360,4652,3583.0,1,8235.0,355.6,7879.4
LP001357,1,1,0,0,0,0,1,160000000.0,360,3816,754.0,1,4570.0,444.4,4125.6
LP001367,1,1,1,0,0,0,1,100000000.0,360,3052,1030.0,1,4082.0,277.8,3804.2
LP001369,1,1,0,1,0,0,1,225000000.0,360,11417,1126.0,1,12543.0,625.0,11918.0
LP001370,1,0,0,0,0,0,1,120000000.0,360,7333,0.0,0,7333.0,333.3,6999.7
LP001379,1,1,0,1,0,0,0,216000000.0,360,3800,3600.0,0,7400.0,600.0,6800.0
LP001384,1,1,0,0,1,0,1,94000000.0,480,2071,754.0,1,2825.0,195.8,2629.2
LP001385,1,0,0,0,0,0,1,136000000.0,360,5316,0.0,1,5316.0,377.8,4938.2
LP001387,0,1,0,0,0,0,1,139000000.0,360,2929,2333.0,1,5262.0,386.1,4875.9
LP001391,1,1,0,0,0,0,0,152000000.0,360,3572,4114.0,0,7686.0,422.2,7263.8
LP001392,0,0,1,0,0,1,1,128000000.0,360,7451,0.0,1,7451.0,355.6,7095.4
LP001398,1,0,0,0,0,0,1,118000000.0,360,5050,0.0,1,5050.0,327.8,4722.2
LP001401,1,1,1,0,0,0,1,185000000.0,180,14583,0.0,1,14583.0,1027.8,13555.2
LP001404,0,1,0,0,0,0,1,154000000.0,360,3167,2283.0,1,5450.0,427.8,5022.2
LP001405,1,1,1,0,0,0,1,85000000.0,360,2214,1398.0,1,3612.0,236.1,3375.9
LP001421,1,1,0,0,0,0,1,175000000.0,360,5568,2142.0,0,7710.0,486.1,7223.9
LP001422,0,0,0,0,0,0,1,259000000.0,360,10408,0.0,1,10408.0,719.4,9688.6
LP001426,1,1,0,0,0,0,1,180000000.0,360,5667,2667.0,1,8334.0,500.0,7834.0
LP001430,0,0,0,0,0,0,1,44000000.0,360,4166,0.0,1,4166.0,122.2,4043.8
LP001431,0,0,0,0,0,0,0,137000000.0,360,2137,8980.0,1,11117.0,380.6,10736.4
LP001432,1,1,0,1,0,0,1,81000000.0,360,2957,0.0,1,2957.0,225.0,2732.0
LP001439,1,1,0,0,0,0,1,194000000.0,360,4300,2014.0,1,6314.0,538.9,5775.1
LP001443,0,0,0,0,0,0,1,93000000.0,360,3692,0.0,1,3692.0,258.3,3433.7
LP001448,1,1,0,0,1,0,1,370000000.0,360,23803,0.0,1,23803.0,1027.8,22775.2
LP001449,1,0,0,0,0,0,1,128000000.0,360,3865,1640.0,1,5505.0,355.6,5149.4
LP001451,1,1,1,0,0,1,0,160000000.0,180,10513,3850.0,0,14363.0,888.9,13474.1
LP001465,1,1,0,0,0,0,1,182000000.0,360,6080,2569.0,0,8649.0,505.6,8143.4
LP001469,1,0,0,0,0,1,1,650000000.0,480,20166,0.0,1,20166.0,1354.2,18811.8
LP001473,1,0,0,0,0,0,1,74000000.0,360,2014,1929.0,1,3943.0,205.6,3737.4
LP001478,1,0,0,0,0,0,1,70000000.0,360,2718,0.0,1,2718.0,194.4,2523.6
LP001482,1,1,0,0,0,1,1,25000000.0,120,3459,0.0,1,3459.0,208.3,3250.7
LP001487,1,0,0,0,0,0,1,102000000.0,360,4895,0.0,1,4895.0,283.3,4611.7
LP001488,1,1,0,0,1,0,1,290000000.0,360,4000,7750.0,0,11750.0,805.6,10944.4
LP001489,0,1,0,0,0,0,1,84000000.0,360,4583,0.0,0,4583.0,233.3,4349.7
LP001491,1,1,0,1,0,1,1,88000000.0,360,3316,3500.0,1,6816.0,244.4,6571.6
LP001492,1,0,0,0,0,0,0,242000000.0,360,14999,0.0,0,14999.0,672.2,14326.8
LP001493,1,1,0,1,0,0,1,129000000.0,360,4200,1430.0,0,5630.0,358.3,5271.7
LP001497,1,1,0,1,0,0,1,185000000.0,360,5042,2083.0,0,7125.0,513.9,6611.1
LP001498,1,0,0,0,0,0,1,168000000.0,360,5417,0.0,1,5417.0,466.7,4950.3
LP001504,1,0,0,0,0,1,1,175000000.0,180,6950,0.0,1,6950.0,972.2,5977.8
LP001507,1,1,0,0,0,0,1,122000000.0,360,2698,2034.0,1,4732.0,338.9,4393.1
LP001508,1,1,0,1,0,0,1,187000000.0,180,11757,0.0,1,11757.0,1038.9,10718.1
LP001514,0,1,0,0,0,0,1,100000000.0,360,2330,4486.0,1,6816.0,277.8,6538.2
LP001516,0,1,0,1,0,0,1,70000000.0,360,14866,0.0,1,14866.0,194.4,14671.6
LP001518,1,1,1,0,0,0,1,30000000.0,360,1538,1425.0,1,2963.0,83.3,2879.7
LP001519,0,0,0,0,0,0,1,225000000.0,360,10000,1666.0,0,11666.0,625.0,11041.0
LP001520,1,1,0,0,0,0,1,125000000.0,360,4860,830.0,1,5690.0,347.2,5342.8
LP001528,1,0,0,0,0,0,0,118000000.0,360,6277,0.0,0,6277.0,327.8,5949.2
LP001529,1,1,0,0,0,1,1,152000000.0,360,2577,3750.0,1,6327.0,422.2,5904.8
LP001531,1,0,0,0,0,0,1,244000000.0,360,9166,0.0,0,9166.0,677.8,8488.2
LP001532,1,1,0,1,0,0,1,113000000.0,360,2281,0.0,0,2281.0,313.9,1967.1
LP001535,1,0,0,0,0,0,1,50000000.0,360,3254,0.0,1,3254.0,138.9,3115.1
LP001536,1,1,0,0,1,0,0,600000000.0,180,39999,0.0,1,39999.0,3333.3,36665.7
LP001541,1,1,1,0,0,0,1,160000000.0,360,6000,0.0,1,6000.0,444.4,5555.6
LP001543,1,1,1,0,0,0,1,187000000.0,360,9538,0.0,1,9538.0,519.4,9018.6
LP001546,1,0,0,0,0,0,1,120000000.0,360,2980,2083.0,1,5063.0,333.3,4729.7
LP001552,1,1,0,0,0,0,1,255000000.0,360,4583,5625.0,1,10208.0,708.3,9499.7
LP001560,1,1,0,0,0,0,1,98000000.0,360,1863,1041.0,1,2904.0,272.2,2631.8
LP001562,1,1,0,0,0,0,1,275000000.0,360,7933,0.0,0,7933.0,763.9,7169.1
LP001565,1,1,1,0,0,0,0,121000000.0,360,3089,1280.0,0,4369.0,336.1,4032.9
LP001570,1,1,0,1,0,0,1,158000000.0,360,4167,1447.0,1,5614.0,438.9,5175.1
LP001572,1,1,0,0,0,0,1,75000000.0,180,9323,0.0,1,9323.0,416.7,8906.3
LP001574,1,1,0,0,0,0,1,182000000.0,360,3707,3166.0,1,6873.0,505.6,6367.4
LP001577,0,1,0,0,0,0,1,112000000.0,360,4583,0.0,0,4583.0,311.1,4271.9
LP001578,1,1,0,0,0,0,1,129000000.0,360,2439,3333.0,1,5772.0,358.3,5413.7
LP001579,1,0,0,0,0,0,0,63000000.0,480,2237,0.0,0,2237.0,131.2,2105.8
LP001580,1,1,0,1,0,0,1,200000000.0,360,8000,0.0,1,8000.0,555.6,7444.4
LP001581,1,1,0,0,0,0,1,95000000.0,360,1820,1769.0,1,3589.0,263.9,3325.1
LP001585,1,1,0,0,1,0,1,700000000.0,300,51763,0.0,1,51763.0,2333.3,49429.7
LP001586,1,1,0,0,1,0,1,81000000.0,180,3522,0.0,0,3522.0,450.0,3072.0
LP001594,1,1,0,0,0,0,1,187000000.0,360,5708,5625.0,1,11333.0,519.4,10813.6
LP001603,1,1,0,0,0,1,1,87000000.0,360,4344,736.0,0,5080.0,241.7,4838.3
LP001606,1,1,0,0,0,0,1,116000000.0,360,3497,1964.0,1,5461.0,322.2,5138.8
LP001608,1,1,0,1,0,0,1,101000000.0,360,2045,1619.0,1,3664.0,280.6,3383.4
LP001610,1,1,0,0,1,0,0,495000000.0,360,5516,11300.0,0,16816.0,1375.0,15441.0
LP001616,1,1,1,0,0,0,1,116000000.0,360,3750,0.0,1,3750.0,322.2,3427.8
LP001630,1,0,0,0,0,0,0,102000000.0,480,2333,1451.0,0,3784.0,212.5,3571.5
LP001633,1,1,1,0,0,0,0,180000000.0,360,6400,7250.0,0,13650.0,500.0,13150.0
LP001634,1,0,0,0,0,0,1,67000000.0,360,1916,5063.0,0,6979.0,186.1,6792.9
LP001636,1,1,0,0,0,0,1,73000000.0,180,4600,0.0,1,4600.0,405.6,4194.4
LP001637,1,1,1,0,0,0,1,260000000.0,360,33846,0.0,0,33846.0,722.2,33123.8
LP001639,0,1,0,0,0,0,1,108000000.0,360,3625,0.0,1,3625.0,300.0,3325.0
LP001640,1,1,0,0,0,1,1,120000000.0,360,39147,4750.0,1,43897.0,333.3,43563.7
LP001641,1,1,1,0,0,1,0,66000000.0,300,2178,0.0,0,2178.0,220.0,1958.0
LP001643,1,1,0,0,0,0,1,58000000.0,360,2383,2138.0,1,4521.0,161.1,4359.9
LP001644,1,1,0,0,0,1,1,168000000.0,360,674,5296.0,1,5970.0,466.7,5503.3
LP001647,1,1,0,0,0,0,1,188000000.0,180,9328,0.0,1,9328.0,1044.4,8283.6
LP001653,1,0,0,0,0,0,1,48000000.0,360,4885,0.0,1,4885.0,133.3,4751.7
LP001656,1,0,0,0,0,0,1,164000000.0,360,12000,0.0,0,12000.0,455.6,11544.4
LP001657,1,1,0,0,0,0,1,160000000.0,360,6033,0.0,0,6033.0,444.4,5588.6
LP001658,1,0,0,0,0,0,1,76000000.0,360,3858,0.0,1,3858.0,211.1,3646.9
LP001664,1,0,0,0,0,0,1,120000000.0,360,4191,0.0,1,4191.0,333.3,3857.7
LP001665,1,1,1,0,0,0,1,170000000.0,360,3125,2583.0,0,5708.0,472.2,5235.8
LP001666,1,0,0,0,0,0,1,187000000.0,360,8333,3750.0,1,12083.0,519.4,11563.6
LP001669,0,0,0,0,0,0,1,120000000.0,360,1907,2365.0,1,4272.0,333.3,3938.7
LP001671,0,1,0,0,0,0,1,113000000.0,360,3416,2816.0,1,6232.0,313.9,5918.1
LP001673,1,0,0,0,0,1,1,83000000.0,360,11000,0.0,0,11000.0,230.6,10769.4
LP001674,1,1,1,0,0,0,1,90000000.0,360,2600,2500.0,1,5100.0,250.0,4850.0
LP001677,1,0,0,1,0,0,0,166000000.0,360,4923,0.0,1,4923.0,461.1,4461.9
LP001682,1,1,0,0,1,0,1,128000000.0,180,3992,0.0,0,3992.0,711.1,3280.9
LP001688,1,1,1,0,0,0,1,135000000.0,360,3500,1083.0,1,4583.0,375.0,4208.0
LP001691,1,1,0,1,0,0,1,124000000.0,360,3917,0.0,1,3917.0,344.4,3572.6
LP001692,0,0,0,0,0,0,1,120000000.0,360,4408,0.0,1,4408.0,333.3,4074.7
LP001693,0,0,0,0,0,0,1,80000000.0,360,3244,0.0,1,3244.0,222.2,3021.8
LP001698,1,0,0,0,0,0,1,55000000.0,360,3975,2531.0,1,6506.0,152.8,6353.2
LP001699,1,0,0,0,0,0,1,59000000.0,360,2479,0.0,1,2479.0,163.9,2315.1
LP001702,1,0,0,0,0,0,1,127000000.0,360,3418,0.0,0,3418.0,352.8,3065.2
LP001708,0,0,0,0,0,0,1,214000000.0,360,10000,0.0,0,10000.0,594.4,9405.6
LP001711,1,1,0,0,1,0,0,128000000.0,360,3430,1250.0,0,4680.0,355.6,4324.4
LP001713,1,1,1,0,0,1,1,240000000.0,360,7787,0.0,1,7787.0,666.7,7120.3
LP001715,1,1,0,0,1,1,1,130000000.0,360,5703,0.0,1,5703.0,361.1,5341.9
LP001716,1,1,0,0,0,0,1,137000000.0,360,3173,3021.0,1,6194.0,380.6,5813.4
LP001720,1,1,0,0,1,0,1,100000000.0,360,3850,983.0,1,4833.0,277.8,4555.2
LP001722,1,1,0,0,0,0,1,135000000.0,360,150,1800.0,0,1950.0,375.0,1575.0
LP001726,1,1,0,0,0,0,1,131000000.0,360,3727,1775.0,1,5502.0,363.9,5138.1
LP001732,1,1,0,1,0,0,0,72000000.0,360,5000,0.0,0,5000.0,200.0,4800.0
LP001734,0,1,0,1,0,0,1,127000000.0,360,4283,2383.0,1,6666.0,352.8,6313.2
LP001736,1,1,0,0,0,0,0,60000000.0,360,2221,0.0,0,2221.0,166.7,2054.3
LP001743,1,1,0,1,0,0,1,116000000.0,360,4009,1717.0,1,5726.0,322.2,5403.8
LP001744,1,0,0,0,0,0,1,144000000.0,360,2971,2791.0,1,5762.0,400.0,5362.0
LP001749,1,1,0,0,0,0,1,175000000.0,360,7578,1010.0,1,8588.0,486.1,8101.9
LP001750,1,1,0,0,0,0,1,128000000.0,360,6250,0.0,1,6250.0,355.6,5894.4
LP001751,1,1,0,0,0,0,1,170000000.0,360,3250,0.0,0,3250.0,472.2,2777.8
LP001754,1,1,0,0,0,1,1,138000000.0,360,4735,0.0,0,4735.0,383.3,4351.7
LP001758,1,1,0,1,0,0,1,210000000.0,360,6250,1695.0,1,7945.0,583.3,7361.7
LP001760,1,1,0,0,0,0,1,158000000.0,480,4758,0.0,1,4758.0,329.2,4428.8
LP001761,1,0,0,0,0,1,1,200000000.0,360,6400,0.0,1,6400.0,555.6,5844.4
LP001765,1,1,1,0,0,0,1,104000000.0,360,2491,2054.0,1,4545.0,288.9,4256.1
LP001768,1,1,0,0,0,0,1,42000000.0,180,3716,0.0,1,3716.0,233.3,3482.7
LP001770,1,0,0,0,0,0,1,120000000.0,360,3189,2598.0,1,5787.0,333.3,5453.7
LP001776,0,0,0,0,0,0,1,280000000.0,360,8333,0.0,1,8333.0,777.8,7555.2
LP001778,1,1,1,0,0,0,1,140000000.0,360,3155,1779.0,1,4934.0,388.9,4545.1
LP001784,1,1,1,0,0,0,1,170000000.0,360,5500,1260.0,1,6760.0,472.2,6287.8
LP001786,1,1,0,0,0,0,1,255000000.0,360,5746,0.0,0,5746.0,708.3,5037.7
LP001788,0,0,0,0,0,1,1,122000000.0,360,3463,0.0,1,3463.0,338.9,3124.1
LP001790,0,0,1,0,0,0,1,112000000.0,360,3812,0.0,1,3812.0,311.1,3500.9
LP001792,1,1,1,0,0,0,1,96000000.0,360,3315,0.0,1,3315.0,266.7,3048.3
LP001798,1,1,0,1,0,0,1,120000000.0,360,5819,5000.0,1,10819.0,333.3,10485.7
LP001800,1,1,1,0,0,0,1,140000000.0,180,2510,1983.0,0,4493.0,777.8,3715.2
LP001806,1,0,0,0,0,0,1,155000000.0,60,2965,5701.0,1,8666.0,2583.3,6082.7
LP001807,1,1,0,1,0,1,1,108000000.0,360,6250,1300.0,1,7550.0,300.0,7250.0
LP001811,1,1,0,0,0,0,1,123000000.0,360,3406,4417.0,1,7823.0,341.7,7481.3
LP001813,1,0,0,0,0,1,1,120000000.0,180,6050,4333.0,0,10383.0,666.7,9716.3
LP001814,1,1,0,1,0,0,1,112000000.0,360,9703,0.0,1,9703.0,311.1,9391.9
LP001819,1,1,1,0,0,0,1,137000000.0,180,6608,0.0,1,6608.0,761.1,5846.9
LP001824,1,1,1,0,0,0,1,123000000.0,480,2882,1843.0,1,4725.0,256.2,4468.8
LP001825,1,1,0,0,0,0,1,90000000.0,360,1809,1868.0,1,3677.0,250.0,3427.0
LP001835,1,1,0,0,0,0,0,201000000.0,360,1668,3890.0,0,5558.0,558.3,4999.7
LP001836,0,0,0,1,0,0,1,138000000.0,360,3427,0.0,0,3427.0,383.3,3043.7
LP001841,1,0,0,0,0,1,1,104000000.0,360,2583,2167.0,1,4750.0,288.9,4461.1
LP001843,1,1,1,0,0,0,1,279000000.0,180,2661,7101.0,1,9762.0,1550.0,8212.0
LP001844,1,0,0,0,0,1,0,192000000.0,360,16250,0.0,0,16250.0,533.3,15716.7
LP001846,0,0,0,0,1,0,1,255000000.0,360,3083,0.0,1,3083.0,708.3,2374.7
LP001849,1,0,0,0,0,0,0,115000000.0,360,6045,0.0,0,6045.0,319.4,5725.6
LP001854,1,1,0,0,1,0,1,94000000.0,360,5250,0.0,0,5250.0,261.1,4988.9
LP001859,1,1,0,0,0,0,1,304000000.0,360,14683,2100.0,0,16783.0,844.4,15938.6
LP001864,1,1,0,0,1,0,1,128000000.0,360,4931,0.0,0,4931.0,355.6,4575.4
LP001865,1,1,1,0,0,0,1,330000000.0,360,6083,4250.0,1,10333.0,916.7,9416.3
LP001868,1,0,0,0,0,0,1,134000000.0,360,2060,2209.0,1,4269.0,372.2,3896.8
LP001870,0,0,1,0,0,0,1,155000000.0,36,3481,0.0,0,3481.0,4305.6,-824.6000000000004
LP001871,0,0,0,0,0,0,1,120000000.0,360,7200,0.0,1,7200.0,333.3,6866.7
LP001872,1,0,0,0,0,1,1,128000000.0,360,5166,0.0,1,5166.0,355.6,4810.4
LP001875,1,0,0,0,0,0,1,151000000.0,360,4095,3447.0,1,7542.0,419.4,7122.6
LP001877,1,1,0,1,0,0,1,150000000.0,360,4708,1387.0,1,6095.0,416.7,5678.3
LP001882,1,1,0,0,1,0,0,160000000.0,360,4333,1811.0,1,6144.0,444.4,5699.6
LP001883,0,0,0,0,0,0,1,135000000.0,360,3418,0.0,0,3418.0,375.0,3043.0
LP001884,0,0,1,0,0,0,1,90000000.0,360,2876,1560.0,1,4436.0,250.0,4186.0
LP001888,0,0,0,0,0,0,1,30000000.0,360,3237,0.0,1,3237.0,83.3,3153.7
LP001891,1,1,0,0,0,0,1,136000000.0,360,11146,0.0,1,11146.0,377.8,10768.2
LP001892,1,0,0,0,0,0,1,126000000.0,360,2833,1857.0,1,4690.0,350.0,4340.0
LP001894,1,1,0,0,0,0,1,150000000.0,360,2620,2223.0,1,4843.0,416.7,4426.3
LP001896,1,1,0,1,0,0,1,90000000.0,360,3900,0.0,1,3900.0,250.0,3650.0
LP001900,1,1,1,0,0,0,1,115000000.0,360,2750,1842.0,1,4592.0,319.4,4272.6
LP001903,1,1,0,0,0,0,1,207000000.0,360,3993,3274.0,1,7267.0,575.0,6692.0
LP001904,1,1,0,0,0,0,1,80000000.0,360,3103,1300.0,1,4403.0,222.2,4180.8
LP001907,1,1,0,0,0,0,1,436000000.0,360,14583,0.0,1,14583.0,1211.1,13371.9
LP001908,0,1,0,0,0,0,1,124000000.0,360,4100,0.0,1,4100.0,344.4,3755.6
LP001910,1,0,1,0,0,1,0,158000000.0,360,4053,2426.0,0,6479.0,438.9,6040.1
LP001914,1,1,0,0,0,0,1,112000000.0,360,3927,800.0,1,4727.0,311.1,4415.9
LP001915,1,1,0,1,0,0,1,78000000.0,180,2301,985.7999878,1,3286.7999878,433.3,2853.4999878
LP001917,0,0,0,0,0,0,1,54000000.0,360,1811,1666.0,1,3477.0,150.0,3327.0
LP001922,1,1,0,0,0,0,1,128000000.0,360,20667,0.0,0,20667.0,355.6,20311.4
LP001924,1,0,0,0,0,0,1,89000000.0,360,3158,3053.0,1,6211.0,247.2,5963.8
LP001925,0,0,0,0,0,1,1,99000000.0,300,2600,1717.0,0,4317.0,330.0,3987.0
LP001926,1,1,0,0,0,0,1,120000000.0,360,3704,2000.0,1,5704.0,333.3,5370.7
LP001931,0,0,0,0,0,0,1,115000000.0,360,4124,0.0,1,4124.0,319.4,3804.6
LP001935,1,0,0,0,0,0,1,187000000.0,360,9508,0.0,1,9508.0,519.4,8988.6
LP001936,1,1,0,0,0,0,1,139000000.0,360,3075,2416.0,1,5491.0,386.1,5104.9
LP001938,1,1,0,1,0,0,0,127000000.0,360,4400,0.0,0,4400.0,352.8,4047.2
LP001940,1,1,0,1,0,0,1,134000000.0,360,3153,1560.0,1,4713.0,372.2,4340.8
LP001945,0,0,0,0,0,0,0,143000000.0,480,5417,0.0,0,5417.0,297.9,5119.1
LP001947,1,1,0,0,0,0,1,172000000.0,360,2383,3334.0,1,5717.0,477.8,5239.2
LP001949,1,1,0,0,1,0,1,110000000.0,360,4416,1250.0,1,5666.0,305.6,5360.4
LP001953,1,1,1,0,0,0,1,200000000.0,360,6875,0.0,1,6875.0,555.6,6319.4
LP001954,0,1,1,0,0,0,1,135000000.0,360,4666,0.0,1,4666.0,375.0,4291.0
LP001955,0,0,0,0,0,0,1,151000000.0,480,5000,2541.0,0,7541.0,314.6,7226.4
LP001963,1,1,1,0,0,0,1,113000000.0,360,2014,2925.0,0,4939.0,313.9,4625.1
LP001964,1,1,0,0,0,0,0,93000000.0,360,1800,2934.0,0,4734.0,258.3,4475.7
LP001972,1,1,0,0,0,0,1,105000000.0,360,2875,1750.0,1,4625.0,291.7,4333.3
LP001974,0,0,0,0,0,0,1,132000000.0,360,5000,0.0,1,5000.0,366.7,4633.3
LP001977,1,1,1,0,0,0,1,96000000.0,360,1625,1803.0,1,3428.0,266.7,3161.3
LP001978,1,0,0,0,0,0,1,140000000.0,360,4000,2500.0,1,6500.0,388.9,6111.1
LP001990,1,0,0,0,0,0,1,128000000.0,360,2000,0.0,0,2000.0,355.6,1644.4
LP001993,0,0,0,0,0,0,1,135000000.0,360,3762,1666.0,1,5428.0,375.0,5053.0
LP001994,0,0,0,0,0,0,0,104000000.0,360,2400,1863.0,0,4263.0,288.9,3974.1
LP001996,1,0,0,0,0,0,1,480000000.0,360,20233,0.0,0,20233.0,1333.3,18899.7
LP001998,1,1,0,1,0,0,1,185000000.0,360,7667,0.0,1,7667.0,513.9,7153.1
LP002002,0,0,0,0,0,0,1,84000000.0,360,2917,0.0,1,2917.0,233.3,2683.7
LP002004,1,0,0,0,0,0,1,111000000.0,360,2927,2405.0,1,5332.0,308.3,5023.7
LP002006,0,0,0,0,0,0,1,56000000.0,360,2507,0.0,1,2507.0,155.6,2351.4
LP002008,1,1,0,1,0,1,1,144000000.0,84,5746,0.0,1,5746.0,1714.3,4031.7
LP002024,1,1,0,0,0,0,1,159000000.0,360,2473,1843.0,0,4316.0,441.7,3874.3
LP002031,1,1,1,0,0,0,1,111000000.0,180,3399,1640.0,1,5039.0,616.7,4422.3
LP002035,1,1,0,1,0,0,1,120000000.0,360,3717,0.0,1,3717.0,333.3,3383.7
LP002036,1,1,0,0,0,0,1,88000000.0,360,2058,2134.0,1,4192.0,244.4,3947.6
LP002043,0,0,1,0,0,0,1,112000000.0,360,3541,0.0,1,3541.0,311.1,3229.9
LP002050,1,1,1,0,0,1,1,155000000.0,360,10000,0.0,0,10000.0,430.6,9569.4
LP002051,1,1,0,0,0,0,1,115000000.0,360,2400,2167.0,1,4567.0,319.4,4247.6
LP002053,1,1,0,0,1,0,1,124000000.0,360,4342,189.0,1,4531.0,344.4,4186.6
LP002054,1,1,0,1,0,0,1,128000000.0,360,3601,1590.0,1,5191.0,355.6,4835.4
LP002055,0,0,0,0,0,0,1,132000000.0,360,3166,2985.0,1,6151.0,366.7,5784.3
LP002065,1,1,0,0,1,0,1,300000000.0,360,15000,0.0,1,15000.0,833.3,14166.7
LP002067,1,1,1,0,0,1,0,376000000.0,360,8666,4983.0,0,13649.0,1044.4,12604.6
LP002068,1,0,0,0,0,0,0,130000000.0,360,4917,0.0,1,4917.0,361.1,4555.9
LP002082,1,1,0,0,0,1,1,184000000.0,360,5818,2160.0,1,7978.0,511.1,7466.9
LP002086,0,1,0,0,0,0,1,110000000.0,360,4333,2451.0,0,6784.0,305.6,6478.4
LP002087,0,0,0,0,0,0,1,67000000.0,360,2500,0.0,1,2500.0,186.1,2313.9
LP002097,1,0,1,0,0,0,1,117000000.0,360,4384,1793.0,1,6177.0,325.0,5852.0
LP002098,1,0,0,0,0,0,1,98000000.0,360,2935,0.0,1,2935.0,272.2,2662.8
LP002100,1,0,0,0,0,0,1,71000000.0,360,2833,0.0,1,2833.0,197.2,2635.8
LP002101,1,1,0,0,0,0,1,490000000.0,180,63337,0.0,1,63337.0,2722.2,60614.8
LP002103,1,1,1,0,0,1,1,182000000.0,180,9833,1833.0,1,11666.0,1011.1,10654.9
LP002106,1,1,0,0,0,1,1,70000000.0,360,5503,4490.0,1,9993.0,194.4,9798.6
LP002110,1,1,1,0,0,0,1,160000000.0,360,5250,688.0,1,5938.0,444.4,5493.6
LP002112,1,1,0,1,0,1,1,176000000.0,360,2500,4600.0,1,7100.0,488.9,6611.1
LP002113,0,0,0,0,1,0,0,128000000.0,360,1830,0.0,0,1830.0,355.6,1474.4
LP002114,0,0,0,0,0,0,1,71000000.0,360,4160,0.0,1,4160.0,197.2,3962.8
LP002115,1,1,0,0,1,0,1,173000000.0,360,2647,1587.0,0,4234.0,480.6,3753.4
LP002116,0,0,0,0,0,0,1,46000000.0,360,2378,0.0,0,2378.0,127.8,2250.2
LP002119,1,1,1,0,0,0,1,158000000.0,360,4554,1229.0,1,5783.0,438.9,5344.1
LP002126,1,1,0,0,1,0,1,74000000.0,360,3173,0.0,1,3173.0,205.6,2967.4
LP002128,1,1,0,1,0,0,1,125000000.0,360,2583,2330.0,1,4913.0,347.2,4565.8
LP002129,1,1,0,0,0,0,1,160000000.0,360,2499,2458.0,1,4957.0,444.4,4512.6
LP002130,1,1,0,0,0,0,0,152000000.0,360,3523,3230.0,0,6753.0,422.2,6330.8
LP002131,1,1,0,1,0,0,1,126000000.0,360,3083,2168.0,1,5251.0,350.0,4901.0
LP002137,1,1,0,0,0,0,1,259000000.0,360,6333,4583.0,1,10916.0,719.4,10196.6
LP002138,1,1,0,0,0,0,1,187000000.0,360,2625,6250.0,1,8875.0,519.4,8355.6
LP002139,1,1,0,0,0,0,1,228000000.0,360,9083,0.0,1,9083.0,633.3,8449.7
LP002140,1,0,0,0,0,0,1,308000000.0,360,8750,4167.0,0,12917.0,855.6,12061.4
LP002141,1,1,0,0,1,0,1,95000000.0,360,2666,2083.0,1,4749.0,263.9,4485.1
LP002142,0,1,0,0,0,1,0,105000000.0,360,5500,0.0,0,5500.0,291.7,5208.3
LP002143,0,1,0,0,0,0,1,130000000.0,360,2423,505.0,1,2928.0,361.1,2566.9
LP002144,0,0,0,0,0,0,1,116000000.0,180,3813,0.0,1,3813.0,644.4,3168.6
LP002149,1,1,0,1,0,0,1,165000000.0,360,8333,3167.0,1,11500.0,458.3,11041.7
LP002151,1,1,1,0,0,0,1,67000000.0,360,3875,0.0,0,3875.0,186.1,3688.9
LP002158,1,1,0,0,0,0,0,100000000.0,480,3000,1666.0,0,4666.0,208.3,4457.7
LP002160,1,1,0,0,1,0,1,200000000.0,360,5167,3167.0,1,8334.0,555.6,7778.4
LP002161,0,0,1,0,0,0,1,81000000.0,360,4723,0.0,0,4723.0,225.0,4498.0
LP002170,1,1,0,1,0,0,1,236000000.0,360,5000,3667.0,1,8667.0,655.6,8011.4
LP002175,1,1,0,0,0,0,1,130000000.0,360,4750,2333.0,1,7083.0,361.1,6721.9
LP002178,1,1,0,0,0,0,1,95000000.0,300,3013,3033.0,1,6046.0,316.7,5729.3
LP002180,1,0,0,0,0,1,1,141000000.0,360,6822,0.0,1,6822.0,391.7,6430.3
LP002181,1,0,0,0,0,0,1,133000000.0,360,6216,0.0,0,6216.0,369.4,5846.6
LP002187,1,0,0,0,0,0,1,96000000.0,480,2500,0.0,0,2500.0,200.0,2300.0
LP002188,1,0,0,0,0,0,0,124000000.0,360,5124,0.0,0,5124.0,344.4,4779.6
LP002190,1,1,1,0,0,0,1,175000000.0,360,6325,0.0,1,6325.0,486.1,5838.9
LP002191,1,1,0,0,0,0,1,570000000.0,360,19730,5266.0,0,24996.0,1583.3,23412.7
LP002194,0,0,0,0,0,1,1,55000000.0,360,15759,0.0,1,15759.0,152.8,15606.2
LP002197,1,1,0,1,0,0,1,155000000.0,360,5185,0.0,1,5185.0,430.6,4754.4
LP002201,1,1,0,1,0,1,1,380000000.0,300,9323,7873.0,1,17196.0,1266.7,15929.3
LP002205,1,0,1,0,0,0,0,111000000.0,180,3062,1987.0,0,5049.0,616.7,4432.3
LP002209,0,0,0,0,0,0,1,110000000.0,360,2764,1459.0,1,4223.0,305.6,3917.4
LP002211,1,1,0,0,0,0,1,120000000.0,180,4817,923.0,1,5740.0,666.7,5073.3
LP002219,1,1,0,0,1,0,1,130000000.0,360,8750,4996.0,1,13746.0,361.1,13384.9
LP002223,1,1,0,0,0,0,1,130000000.0,360,4310,0.0,1,4310.0,361.1,3948.9
LP002224,1,0,0,0,0,0,1,71000000.0,480,3069,0.0,0,3069.0,147.9,2921.1
LP002225,1,1,0,1,0,0,1,130000000.0,360,5391,0.0,1,5391.0,361.1,5029.9
LP002226,1,1,0,0,0,0,1,128000000.0,360,3333,2500.0,1,5833.0,355.6,5477.4
LP002229,1,0,0,0,0,0,1,296000000.0,360,5941,4232.0,1,10173.0,822.2,9350.8
LP002231,0,0,0,0,0,0,1,156000000.0,360,6000,0.0,1,6000.0,433.3,5566.7
LP002234,1,0,0,0,0,1,1,128000000.0,360,7167,0.0,1,7167.0,355.6,6811.4
LP002236,1,1,0,1,0,0,1,100000000.0,360,4566,0.0,0,4566.0,277.8,4288.2
LP002237,1,0,1,0,0,0,1,113000000.0,180,3667,0.0,1,3667.0,627.8,3039.2
LP002239,1,0,0,0,0,0,1,132000000.0,360,2346,1600.0,1,3946.0,366.7,3579.3
LP002243,1,1,0,0,0,0,0,128000000.0,360,3010,3136.0,0,6146.0,355.6,5790.4
LP002244,1,1,0,0,0,0,1,136000000.0,360,2333,2417.0,1,4750.0,377.8,4372.2
LP002250,1,1,0,0,0,0,1,125000000.0,360,5488,0.0,1,5488.0,347.2,5140.8
LP002255,1,0,0,0,1,0,1,185000000.0,360,9167,0.0,1,9167.0,513.9,8653.1
LP002262,1,1,0,0,1,0,1,275000000.0,360,9504,0.0,1,9504.0,763.9,8740.1
LP002263,1,1,0,0,0,0,1,120000000.0,360,2583,2115.0,1,4698.0,333.3,4364.7
LP002265,1,1,0,1,0,0,1,113000000.0,180,1993,1625.0,1,3618.0,627.8,2990.2
LP002266,1,1,0,1,0,0,1,113000000.0,360,3100,1400.0,1,4500.0,313.9,4186.1
LP002272,1,1,0,1,0,0,1,135000000.0,360,3276,484.0,1,3760.0,375.0,3385.0
LP002277,0,0,0,0,0,0,0,71000000.0,360,3180,0.0,0,3180.0,197.2,2982.8
LP002281,1,1,0,0,0,0,1,95000000.0,360,3033,1459.0,1,4492.0,263.9,4228.1
LP002284,1,0,0,0,0,0,1,109000000.0,360,3902,1666.0,1,5568.0,302.8,5265.2
LP002287,0,0,0,0,0,0,0,103000000.0,360,1500,1800.0,0,3300.0,286.1,3013.9
LP002288,1,1,0,1,0,0,0,45000000.0,180,2889,0.0,0,2889.0,250.0,2639.0
LP002296,1,0,0,0,0,0,1,65000000.0,300,2755,0.0,0,2755.0,216.7,2538.3
LP002297,1,0,0,0,0,0,1,103000000.0,360,2500,20000.0,1,22500.0,286.1,22213.9
LP002300,0,0,0,0,0,0,1,53000000.0,360,1963,0.0,1,1963.0,147.2,1815.8
LP002301,0,0,0,0,0,1,1,194000000.0,360,7441,0.0,0,7441.0,538.9,6902.1
LP002305,0,0,0,0,0,0,1,115000000.0,360,4547,0.0,1,4547.0,319.4,4227.6
LP002308,1,1,0,0,0,0,1,115000000.0,360,2167,2400.0,1,4567.0,319.4,4247.6
LP002314,0,0,0,0,0,0,1,66000000.0,360,2213,0.0,1,2213.0,183.3,2029.7
LP002315,1,1,1,0,0,0,0,152000000.0,300,8300,0.0,0,8300.0,506.7,7793.3
LP002317,1,1,0,0,1,0,0,360000000.0,360,81000,0.0,0,81000.0,1000.0,80000.0
LP002318,0,0,1,0,0,1,1,62000000.0,360,3867,0.0,0,3867.0,172.2,3694.8
LP002319,1,1,0,0,0,0,1,160000000.0,360,6256,0.0,1,6256.0,444.4,5811.6
LP002328,1,1,0,0,0,0,0,218000000.0,360,6096,0.0,0,6096.0,605.6,5490.4
LP002332,1,1,0,0,0,0,1,110000000.0,360,2253,2033.0,1,4286.0,305.6,3980.4
LP002335,0,1,0,0,0,0,0,178000000.0,360,2149,3237.0,0,5386.0,494.4,4891.6
LP002337,0,0,0,0,0,0,1,60000000.0,360,2995,0.0,1,2995.0,166.7,2828.3
LP002341,0,0,1,0,0,0,1,160000000.0,360,2600,0.0,0,2600.0,444.4,2155.6
LP002342,1,1,0,1,0,1,1,239000000.0,360,1600,20000.0,0,21600.0,663.9,20936.1
LP002345,1,1,0,0,0,0,1,112000000.0,360,1025,2773.0,1,3798.0,311.1,3486.9
LP002347,1,1,0,0,0,0,1,138000000.0,360,3246,1417.0,1,4663.0,383.3,4279.7
LP002348,1,1,0,0,0,0,1,138000000.0,360,5829,0.0,1,5829.0,383.3,5445.7
LP002357,0,0,0,0,0,0,0,80000000.0,360,2720,0.0,0,2720.0,222.2,2497.8
LP002361,1,1,0,0,0,0,1,100000000.0,360,1820,1719.0,1,3539.0,277.8,3261.2
LP002362,1,1,1,0,0,0,0,110000000.0,360,7250,1667.0,0,8917.0,305.6,8611.4
LP002364,1,1,0,0,0,0,1,96000000.0,360,14880,0.0,1,14880.0,266.7,14613.3
LP002366,1,1,0,0,0,0,1,121000000.0,360,2666,4300.0,1,6966.0,336.1,6629.9
LP002367,0,0,1,0,0,0,1,81000000.0,360,4606,0.0,0,4606.0,225.0,4381.0
LP002368,1,1,0,1,0,0,1,133000000.0,360,5935,0.0,1,5935.0,369.4,5565.6
LP002369,1,1,0,0,0,0,1,87000000.0,360,2920,16.12000084,1,2936.12000084,241.7,2694.4200008400003
LP002370,1,0,0,0,0,0,1,60000000.0,180,2717,0.0,1,2717.0,333.3,2383.7
LP002377,0,0,1,0,0,1,1,150000000.0,360,8624,0.0,1,8624.0,416.7,8207.3
LP002379,1,0,0,0,0,0,0,105000000.0,360,6500,0.0,0,6500.0,291.7,6208.3
LP002386,1,0,0,0,0,0,1,405000000.0,360,12876,0.0,1,12876.0,1125.0,11751.0
LP002387,1,1,0,0,0,0,1,143000000.0,360,2425,2340.0,1,4765.0,397.2,4367.8
LP002390,1,0,0,0,0,0,1,100000000.0,360,3750,0.0,1,3750.0,277.8,3472.2
LP002393,0,1,0,0,0,0,1,128000000.0,240,10047,0.0,1,10047.0,533.3,9513.7
LP002398,1,0,0,0,0,0,1,50000000.0,360,1926,1851.0,1,3777.0,138.9,3638.1
LP002401,1,1,0,0,0,0,1,128000000.0,360,2213,1125.0,1,3338.0,355.6,2982.4
LP002403,1,0,0,0,0,1,0,187000000.0,360,10416,0.0,0,10416.0,519.4,9896.6
LP002407,0,1,0,0,0,1,1,138000000.0,360,7142,0.0,1,7142.0,383.3,6758.7
LP002408,1,0,0,0,0,0,1,187000000.0,360,3660,5064.0,1,8724.0,519.4,8204.6
LP002409,1,1,0,0,0,0,1,180000000.0,360,7901,1833.0,1,9734.0,500.0,9234.0
LP002418,1,0,0,0,1,0,1,148000000.0,360,4707,1993.0,1,6700.0,411.1,6288.9
LP002422,1,0,1,0,0,0,1,152000000.0,360,37719,0.0,1,37719.0,422.2,37296.8
LP002424,1,1,0,0,0,0,1,175000000.0,300,7333,8333.0,1,15666.0,583.3,15082.7
LP002429,1,1,1,0,0,1,1,130000000.0,360,3466,1210.0,1,4676.0,361.1,4314.9
LP002434,1,1,0,1,0,0,1,110000000.0,360,4652,0.0,1,4652.0,305.6,4346.4
LP002435,1,1,0,0,0,0,1,55000000.0,360,3539,1376.0,0,4915.0,152.8,4762.2
LP002443,1,1,0,1,0,0,0,150000000.0,360,3340,1710.0,0,5050.0,416.7,4633.3
LP002444,1,0,1,0,0,1,1,190000000.0,360,2769,1542.0,0,4311.0,527.8,3783.2
LP002446,1,1,0,1,0,0,0,125000000.0,360,2309,1255.0,0,3564.0,347.2,3216.8
LP002447,1,1,0,1,0,0,1,60000000.0,300,1958,1456.0,1,3414.0,200.0,3214.0
LP002448,1,1,0,0,0,0,0,149000000.0,360,3948,1733.0,0,5681.0,413.9,5267.1
LP002449,1,1,0,0,0,0,0,90000000.0,180,2483,2466.0,1,4949.0,500.0,4449.0
LP002453,1,0,0,0,0,1,1,84000000.0,360,7085,0.0,1,7085.0,233.3,6851.7
LP002455,1,1,0,1,0,0,1,96000000.0,360,3859,0.0,1,3859.0,266.7,3592.3
LP002459,1,1,0,0,0,0,1,118000000.0,360,4301,0.0,1,4301.0,327.8,3973.2
LP002467,1,1,0,0,0,0,1,173000000.0,360,3708,2569.0,0,6277.0,480.6,5796.4
LP002472,1,0,0,1,0,0,1,136000000.0,360,4354,0.0,1,4354.0,377.8,3976.2
LP002473,1,1,0,0,0,0,1,160000000.0,360,8334,0.0,0,8334.0,444.4,7889.6
LP002478,1,1,0,0,0,1,1,160000000.0,360,2083,4083.0,1,6166.0,444.4,5721.6
LP002484,1,1,0,0,1,0,1,128000000.0,180,7740,0.0,1,7740.0,711.1,7028.9
LP002487,1,1,0,0,0,0,1,153000000.0,360,3015,2188.0,1,5203.0,425.0,4778.0
LP002489,0,0,1,0,0,0,1,132000000.0,360,5191,0.0,1,5191.0,366.7,4824.3
LP002493,1,0,0,0,0,0,0,98000000.0,360,4166,0.0,0,4166.0,272.2,3893.8
LP002494,1,0,0,0,0,0,1,140000000.0,360,6000,0.0,1,6000.0,388.9,5611.1
LP002500,1,1,0,0,1,0,0,70000000.0,180,2947,1664.0,0,4611.0,388.9,4222.1
LP002501,1,1,0,0,0,0,1,110000000.0,360,16692,0.0,1,16692.0,305.6,16386.4
LP002502,0,1,0,1,0,0,1,98000000.0,360,210,2917.0,1,3127.0,272.2,2854.8
LP002505,1,1,0,0,0,0,1,110000000.0,360,4333,2451.0,0,6784.0,305.6,6478.4
LP002515,1,1,1,0,0,1,1,162000000.0,360,3450,2079.0,1,5529.0,450.0,5079.0
LP002517,1,1,1,0,0,0,0,113000000.0,180,2653,1500.0,0,4153.0,627.8,3525.2
LP002519,1,1,0,0,1,0,1,100000000.0,360,4691,0.0,1,4691.0,277.8,4413.2
LP002522,0,0,0,0,0,1,1,93000000.0,360,2500,0.0,1,2500.0,258.3,2241.7
LP002524,1,0,0,1,0,0,1,162000000.0,360,5532,4648.0,1,10180.0,450.0,9730.0
LP002527,1,1,0,1,0,1,1,150000000.0,360,16525,1014.0,1,17539.0,416.7,17122.3
LP002529,1,1,0,1,0,0,1,230000000.0,300,6700,1750.0,1,8450.0,766.7,7683.3
LP002530,1,1,0,1,0,0,0,132000000.0,360,2873,1872.0,0,4745.0,366.7,4378.3
LP002531,1,1,1,0,0,1,1,86000000.0,360,16667,2250.0,1,18917.0,238.9,18678.1
LP002533,1,1,0,1,0,0,1,128000000.0,360,2947,1603.0,0,4550.0,355.6,4194.4
LP002534,0,0,0,0,0,0,1,154000000.0,360,4350,0.0,1,4350.0,427.8,3922.2
LP002536,1,1,0,0,1,0,1,113000000.0,360,3095,0.0,1,3095.0,313.9,2781.1
LP002537,1,1,0,0,0,0,1,128000000.0,360,2083,3150.0,1,5233.0,355.6,4877.4
LP002541,1,1,0,0,0,0,1,234000000.0,360,10833,0.0,1,10833.0,650.0,10183.0
LP002543,1,1,0,1,0,0,1,246000000.0,360,8333,0.0,1,8333.0,683.3,7649.7
LP002544,1,1,1,0,0,0,1,131000000.0,360,1958,2436.0,1,4394.0,363.9,4030.1
LP002545,1,0,0,1,0,0,0,80000000.0,360,3547,0.0,0,3547.0,222.2,3324.8
LP002547,1,1,1,0,0,0,1,500000000.0,360,18333,0.0,0,18333.0,1388.9,16944.1
LP002555,1,1,0,1,0,1,1,160000000.0,360,4583,2083.0,1,6666.0,444.4,6221.6
LP002556,1,0,0,0,0,0,1,75000000.0,360,2435,0.0,0,2435.0,208.3,2226.7
LP002560,1,0,0,0,0,0,1,96000000.0,360,2699,2785.0,1,5484.0,266.7,5217.3
LP002562,1,1,1,0,0,0,1,186000000.0,360,5333,1131.0,1,6464.0,516.7,5947.3
LP002571,1,0,0,0,0,0,1,110000000.0,360,3691,0.0,1,3691.0,305.6,3385.4
LP002582,0,0,0,0,0,1,1,225000000.0,360,17263,0.0,1,17263.0,625.0,16638.0
LP002585,1,1,0,0,0,0,0,119000000.0,360,3597,2157.0,0,5754.0,330.6,5423.4
LP002586,0,1,1,0,0,0,1,105000000.0,84,3326,913.0,1,4239.0,1250.0,2989.0
LP002587,1,1,0,0,0,0,1,107000000.0,360,2600,1700.0,1,4300.0,297.2,4002.8
LP002588,1,1,0,0,0,0,1,111000000.0,12,4625,2857.0,1,7482.0,9250.0,-1768.0
LP002600,1,1,1,0,0,1,1,95000000.0,360,2895,0.0,1,2895.0,263.9,2631.1
LP002602,1,0,0,0,0,0,0,209000000.0,360,6283,4416.0,0,10699.0,580.6,10118.4
LP002603,0,0,0,0,0,0,1,113000000.0,480,645,3683.0,1,4328.0,235.4,4092.6
LP002606,0,0,0,0,0,0,1,100000000.0,360,3159,0.0,1,3159.0,277.8,2881.2
LP002615,1,1,0,1,0,0,1,208000000.0,360,4865,5624.0,1,10489.0,577.8,9911.2
LP002618,1,1,1,0,0,0,1,138000000.0,360,4050,5302.0,0,9352.0,383.3,8968.7
LP002619,1,1,0,0,0,0,1,124000000.0,300,3814,1483.0,1,5297.0,413.3,4883.7
LP002622,1,1,0,1,0,0,1,243000000.0,360,3510,4416.0,1,7926.0,675.0,7251.0
LP002624,1,1,0,0,0,0,1,480000000.0,360,20833,6667.0,1,27500.0,1333.3,26166.7
LP002625,1,0,0,0,0,0,1,96000000.0,360,3583,0.0,0,3583.0,266.7,3316.3
LP002626,1,1,0,0,0,1,1,188000000.0,360,2479,3013.0,1,5492.0,522.2,4969.8
LP002634,0,0,1,0,0,0,1,40000000.0,360,13262,0.0,1,13262.0,111.1,13150.9
LP002637,1,0,0,0,0,0,1,100000000.0,360,3598,1287.0,0,4885.0,277.8,4607.2
LP002640,1,1,1,0,0,0,1,250000000.0,360,6065,2004.0,1,8069.0,694.4,7374.6
LP002643,1,1,0,1,0,0,1,148000000.0,360,3283,2035.0,1,5318.0,411.1,4906.9
LP002648,1,1,0,0,0,0,1,70000000.0,180,2130,6666.0,0,8796.0,388.9,8407.1
LP002652,1,0,0,0,0,0,1,311000000.0,360,5815,3666.0,0,9481.0,863.9,8617.1
LP002659,1,1,0,0,1,0,1,150000000.0,360,3466,3428.0,1,6894.0,416.7,6477.3
LP002670,0,1,0,1,0,0,1,113000000.0,480,2031,1632.0,1,3663.0,235.4,3427.6
LP002682,1,1,0,0,0,0,0,123000000.0,360,3074,1800.0,0,4874.0,341.7,4532.3
LP002683,1,0,0,0,0,0,1,185000000.0,360,4683,1915.0,0,6598.0,513.9,6084.1
LP002684,0,0,0,0,0,0,1,95000000.0,360,3400,0.0,0,3400.0,263.9,3136.1
LP002689,1,1,0,1,0,0,1,45000000.0,360,2192,1742.0,1,3934.0,125.0,3809.0
LP002690,1,0,0,0,0,0,1,55000000.0,360,2500,0.0,1,2500.0,152.8,2347.2
LP002692,1,1,0,0,1,1,1,100000000.0,360,5677,1424.0,1,7101.0,277.8,6823.2
LP002693,1,1,0,1,0,1,1,480000000.0,360,7948,7166.0,1,15114.0,1333.3,13780.7
LP002697,1,0,0,0,0,0,1,128000000.0,360,4680,2087.0,0,6767.0,355.6,6411.4
LP002699,1,1,0,1,0,1,1,400000000.0,360,17500,0.0,1,17500.0,1111.1,16388.9
LP002705,1,1,0,0,0,0,1,110000000.0,360,3775,0.0,1,3775.0,305.6,3469.4
LP002706,1,1,1,0,0,0,0,161000000.0,360,5285,1430.0,1,6715.0,447.2,6267.8
LP002714,1,0,1,0,0,0,1,94000000.0,360,2679,1302.0,1,3981.0,261.1,3719.9
LP002716,1,0,0,0,0,0,1,130000000.0,360,6783,0.0,1,6783.0,361.1,6421.9
LP002717,1,1,0,0,0,0,1,216000000.0,360,1025,5500.0,1,6525.0,600.0,5925.0
LP002720,1,1,0,0,1,0,1,100000000.0,360,4281,0.0,1,4281.0,277.8,4003.2
LP002723,1,0,0,1,0,0,0,110000000.0,360,3588,0.0,0,3588.0,305.6,3282.4
LP002729,1,0,1,0,0,0,1,196000000.0,360,11250,0.0,0,11250.0,544.4,10705.6
LP002731,0,0,0,0,0,1,1,125000000.0,360,18165,0.0,1,18165.0,347.2,17817.8
LP002732,1,0,0,0,0,0,1,126000000.0,360,2550,2042.0,1,4592.0,350.0,4242.0
LP002734,1,1,0,0,0,0,1,324000000.0,360,6133,3906.0,1,10039.0,900.0,9139.0
LP002738,1,0,0,1,0,0,1,107000000.0,360,3617,0.0,1,3617.0,297.2,3319.8
LP002739,1,1,0,0,0,0,1,66000000.0,360,2917,536.0,0,3453.0,183.3,3269.7
LP002740,1,1,0,0,1,0,1,157000000.0,180,6417,0.0,1,6417.0,872.2,5544.8
LP002741,0,1,1,0,0,0,1,140000000.0,180,4608,2845.0,1,7453.0,777.8,6675.2
LP002743,0,0,0,0,0,0,0,99000000.0,360,2138,0.0,0,2138.0,275.0,1863.0
LP002753,0,0,1,0,0,0,1,95000000.0,360,3652,0.0,1,3652.0,263.9,3388.1
LP002755,1,1,1,0,0,0,1,128000000.0,360,2239,2524.0,1,4763.0,355.6,4407.4
LP002757,0,1,0,0,0,0,1,102000000.0,360,3017,663.0,1,3680.0,283.3,3396.7
LP002767,1,1,0,0,0,0,1,155000000.0,360,2768,1950.0,1,4718.0,430.6,4287.4
LP002768,1,0,0,0,0,0,1,80000000.0,36,3358,0.0,0,3358.0,2222.2,1135.8000000000002
LP002772,1,0,0,0,0,0,1,145000000.0,360,2526,1783.0,1,4309.0,402.8,3906.2
LP002776,0,0,0,0,0,0,0,103000000.0,360,5000,0.0,0,5000.0,286.1,4713.9
LP002777,1,1,0,0,0,0,1,110000000.0,360,2785,2016.0,1,4801.0,305.6,4495.4
LP002778,1,1,0,1,0,1,0,128000000.0,360,6633,0.0,0,6633.0,355.6,6277.4
LP002784,1,1,1,0,0,0,1,128000000.0,360,2492,2375.0,1,4867.0,355.6,4511.4
LP002785,1,1,1,0,0,0,1,158000000.0,360,3333,3250.0,1,6583.0,438.9,6144.1
LP002788,1,1,0,0,0,0,0,181000000.0,360,2454,2333.0,0,4787.0,502.8,4284.2
LP002789,1,1,0,0,0,0,0,132000000.0,180,3593,4266.0,0,7859.0,733.3,7125.7
LP002792,1,1,1,0,0,0,1,26000000.0,360,5468,1032.0,1,6500.0,72.2,6427.8
LP002794,0,0,0,0,0,0,1,84000000.0,360,2667,1625.0,1,4292.0,233.3,4058.7
LP002795,1,1,0,0,1,1,1,260000000.0,360,10139,0.0,1,10139.0,722.2,9416.8
LP002798,1,1,0,0,0,0,1,162000000.0,360,3887,2669.0,1,6556.0,450.0,6106.0
LP002804,0,1,0,0,0,0,1,182000000.0,360,4180,2306.0,1,6486.0,505.6,5980.4
LP002807,1,1,0,1,0,0,1,108000000.0,360,3675,242.0,1,3917.0,300.0,3617.0
LP002813,0,1,1,0,0,1,1,600000000.0,360,19484,0.0,1,19484.0,1666.7,17817.3
LP002820,1,1,0,0,0,0,1,211000000.0,360,5923,2054.0,1,7977.0,586.1,7390.9
LP002821,1,0,0,0,0,1,1,132000000.0,360,5800,0.0,1,5800.0,366.7,5433.3
LP002832,1,1,0,1,0,0,0,258000000.0,360,8799,0.0,0,8799.0,716.7,8082.3
LP002833,1,1,0,0,0,0,1,120000000.0,360,4467,0.0,1,4467.0,333.3,4133.7
LP002836,1,0,0,0,0,0,1,70000000.0,360,3333,0.0,1,3333.0,194.4,3138.6
LP002837,1,1,0,0,1,0,0,123000000.0,360,3400,2500.0,0,5900.0,341.7,5558.3
LP002840,0,0,0,0,0,0,1,9000000.0,360,2378,0.0,0,2378.0,25.0,2353.0
LP002841,1,1,0,0,0,0,0,104000000.0,360,3166,2064.0,0,5230.0,288.9,4941.1
LP002842,1,1,1,0,0,0,1,186000000.0,360,3417,1750.0,1,5167.0,516.7,4650.3
LP002847,1,1,0,0,0,0,0,165000000.0,360,5116,1451.0,0,6567.0,458.3,6108.7
LP002855,1,1,0,1,0,0,1,275000000.0,360,16666,0.0,1,16666.0,763.9,15902.1
LP002862,1,1,0,1,0,0,1,187000000.0,480,6125,1625.0,0,7750.0,389.6,7360.4
LP002863,1,1,0,0,1,0,1,150000000.0,360,6406,0.0,0,6406.0,416.7,5989.3
LP002868,1,1,0,1,0,0,1,108000000.0,84,3159,461.0,1,3620.0,1285.7,2334.3
LP002872,1,1,0,0,0,0,0,136000000.0,360,3087,2210.0,0,5297.0,377.8,4919.2
LP002874,1,0,0,0,0,0,1,110000000.0,360,3229,2739.0,1,5968.0,305.6,5662.4
LP002877,1,1,1,0,0,0,1,107000000.0,360,1782,2232.0,1,4014.0,297.2,3716.8
LP002888,1,0,0,0,0,0,1,161000000.0,360,3182,2917.0,1,6099.0,447.2,5651.8
LP002892,1,1,0,1,0,0,1,205000000.0,360,6540,0.0,1,6540.0,569.4,5970.6
LP002893,1,0,0,0,0,0,1,90000000.0,360,1836,33837.0,0,35673.0,250.0,35423.0
LP002894,0,1,0,0,0,0,1,36000000.0,360,3166,0.0,1,3166.0,100.0,3066.0
LP002898,1,1,1,0,0,0,1,61000000.0,360,1880,0.0,0,1880.0,169.4,1710.6
LP002911,1,1,1,0,0,0,0,146000000.0,360,2787,1917.0,0,4704.0,405.6,4298.4
LP002912,1,1,1,0,0,0,1,172000000.0,84,4283,3000.0,0,7283.0,2047.6,5235.4
LP002916,1,1,0,0,0,0,1,104000000.0,360,2297,1522.0,1,3819.0,288.9,3530.1
LP002917,0,0,0,0,0,0,1,70000000.0,360,2165,0.0,1,2165.0,194.4,1970.6
LP002925,1,0,0,0,0,0,1,94000000.0,360,4750,0.0,1,4750.0,261.1,4488.9
LP002926,1,1,0,1,0,1,0,106000000.0,360,2726,0.0,0,2726.0,294.4,2431.6
LP002928,1,1,0,0,0,0,1,56000000.0,180,3000,3416.0,1,6416.0,311.1,6104.9
LP002931,1,1,0,1,0,1,1,205000000.0,240,6000,0.0,0,6000.0,854.2,5145.8
LP002933,1,0,0,0,1,1,1,292000000.0,360,9357,0.0,1,9357.0,811.1,8545.9
LP002936,1,1,0,0,0,0,1,142000000.0,180,3859,3300.0,1,7159.0,788.9,6370.1
LP002938,1,1,0,0,0,1,1,260000000.0,360,16120,0.0,1,16120.0,722.2,15397.8
LP002940,1,0,0,0,0,0,1,110000000.0,360,3833,0.0,1,3833.0,305.6,3527.4
LP002941,1,1,0,1,0,1,1,187000000.0,360,6383,1000.0,0,7383.0,519.4,6863.6
LP002943,1,0,0,0,0,0,0,88000000.0,360,2987,0.0,0,2987.0,244.4,2742.6
LP002945,1,1,0,0,0,1,1,180000000.0,360,9963,0.0,1,9963.0,500.0,9463.0
LP002948,1,1,0,1,0,0,1,192000000.0,360,5780,0.0,1,5780.0,533.3,5246.7
LP002949,0,0,0,0,1,0,1,350000000.0,180,416,41667.0,0,42083.0,1944.4,40138.6
LP002950,1,1,0,0,0,0,1,155000000.0,360,2894,2792.0,1,5686.0,430.6,5255.4
LP002953,1,1,0,0,1,0,1,128000000.0,360,5703,0.0,1,5703.0,355.6,5347.4
LP002958,1,0,0,0,0,0,1,172000000.0,360,3676,4301.0,1,7977.0,477.8,7499.2
LP002959,0,1,1,0,0,0,1,496000000.0,360,12000,0.0,1,12000.0,1377.8,10622.2
LP002960,1,1,0,0,0,0,1,128000000.0,180,2400,3800.0,0,6200.0,711.1,5488.9
LP002961,1,1,1,0,0,0,1,173000000.0,360,3400,2500.0,1,5900.0,480.6,5419.4
LP002964,1,1,0,1,0,0,1,157000000.0,360,3987,1411.0,1,5398.0,436.1,4961.9
LP002974,1,1,0,0,0,0,1,108000000.0,360,3232,1950.0,1,5182.0,300.0,4882.0
LP002978,0,0,0,0,0,0,1,71000000.0,360,2900,0.0,1,2900.0,197.2,2702.8
LP002979,1,1,0,0,1,0,1,40000000.0,180,4106,0.0,1,4106.0,222.2,3883.8
LP002983,1,1,1,0,0,0,1,253000000.0,360,8072,240.0,1,8312.0,702.8,7609.2
LP002984,1,1,0,1,0,0,1,187000000.0,360,7583,0.0,1,7583.0,519.4,7063.6
LP002990,0,0,0,0,0,1,0,133000000.0,360,4583,0.0,0,4583.0,369.4,4213.6
